<?xml version='1.0' ?>
<!DOCTYPE hibernate-configuration PUBLIC
        "-//Hibernate/Hibernate Configuration DTD 3.0//EN"
        "http://www.hibernate.org/dtd/hibernate-configuration-3.0.dtd">

<hibernate-configuration>

    <session-factory>

        <!-- Database connection settings -->
        <property name="connection.driver_class">org.apache.derby.jdbc.ClientDriver</property>
        <property name="connection.url">jdbc:derby://localhost:1527/Lesson22;create=true</property>
        <property name="connection.username">user</property>
        <property name="connection.password">password123</property>

        <!-- Set the default schema to be APP, where table Employee was created-->
        <property name="hibernate.default_schema">APP</property>
        
        <!-- JDBC connection pool (use the built-in) -->
        <property name="connection.pool_size">1</property>

        <!-- SQL dialect -->
        <property name="dialect">org.hibernate.dialect.DerbyDialect</property>

        <!--  Enable Hibernate's current session context -->
        <property name="current_session_context_class">thread</property>
       
        <!-- Disable the second-level cache  -->
        <property name="cache.provider_class">org.hibernate.cache.NoCacheProvider</property>
 
        <!-- Echo all executed SQL to stdout -->
        <property name="show_sql">true</property>

    </session-factory>

</hibernate-configuration>